[
  {
    "fullName": "Divyansh Dixit",
    "id": 7,
    "owner_id": null,
    "first_name": "Divyansh",
    "last_name": "Dixit",
    "email": "divyansh.dd1002@gmail.com",
    "phone": "06307823268",
    "mobile": "06307823268",
    "company_id": null,
    "job_title": "Marketing Manager",
    "department": "Sales",
    "lead_source": "",
    "status": "prospect",
    "address_line1": "Main Gate, Its Mohan Nagar",
    "address_line2": null,
    "city": "GHAZIABAD",
    "state": "UTTAR PRADESH",
    "country": "India",
    "zip_code": "201007",
    "notes": "Some good contact",
    "tags": [],
    "created_by": 1,
    "createdAt": "2026-02-11T12:54:35.000Z",
    "updatedAt": "2026-02-11T15:44:39.000Z",
    "deletedAt": null,
    "company": null,
    "owner": null
  }
]