[
  {
    "id": 1,
    "invoice_number": "INV-0001",
    "quote_id": null,
    "contact_id": 8,
    "company_id": 1,
    "deal_id": 2,
    "status": "draft",
    "subtotal": "19809.90",
    "tax_rate": "10.00",
    "tax_amount": "1980.99",
    "discount_amount": "10.00",
    "total": "21780.89",
    "amount_paid": "0.00",
    "amount_due": "21780.89",
    "currency": "INR",
    "issue_date": "2026-02-12",
    "due_date": "2026-02-27",
    "notes": "Something",
    "created_by": 1,
    "createdAt": "2026-02-12T17:09:27.000Z",
    "updatedAt": "2026-02-12T17:09:27.000Z",
    "deletedAt": null
  }
]