[
  {
    "fullName": "Divyansh Dixit",
    "id": 2,
    "owner_id": 1,
    "first_name": "Divyansh",
    "last_name": "Dixit",
    "email": "divyansh.d@multiplierskraft.com",
    "phone": "+919611058522",
    "company_name": "Some Company",
    "job_title": "Some Title",
    "lead_source": "Referral",
    "status": "contacted",
    "score": 75,
    "score_reasoning": "Referred leads typically have a higher likelihood of conversion. The lead has been contacted, indicating some progress, however, there is a lack of activities.",
    "converted": false,
    "converted_contact_id": null,
    "converted_deal_id": null,
    "notes": null,
    "tags": [],
    "created_by": 1,
    "createdAt": "2026-02-14T18:56:53.000Z",
    "updatedAt": "2026-02-18T12:10:55.000Z",
    "deletedAt": null,
    "owner_name": "Divyansh Dixit"
  },
  {
    "fullName": "Xuwei Liang",
    "id": 3,
    "owner_id": 1,
    "first_name": "Xuwei",
    "last_name": "Liang",
    "email": "xuwei@wisetree.ai",
    "phone": "+61767374884",
    "company_name": "Wisetree Ai",
    "job_title": "Founder",
    "lead_source": "Email Campaign",
    "status": "contacted",
    "score": 75,
    "score_reasoning": "The lead is a founder which indicates decision-making power and is engaged due to the 'contacted' status and notes about a CRM purchase. Limited activity impacts the score.",
    "converted": false,
    "converted_contact_id": null,
    "converted_deal_id": null,
    "notes": "We are in connection regarding crm purchase",
    "tags": [],
    "created_by": 1,
    "createdAt": "2026-02-18T12:10:37.000Z",
    "updatedAt": "2026-02-18T12:10:55.000Z",
    "deletedAt": null,
    "owner_name": "Divyansh Dixit"
  }
]