[
  {
    "id": 1,
    "quote_number": "QUO-0001",
    "contact_id": 8,
    "company_id": 1,
    "deal_id": 2,
    "status": "draft",
    "subtotal": "9.90",
    "tax_rate": "10.00",
    "tax_amount": "0.99",
    "discount_amount": "5.00",
    "total": "5.89",
    "currency": "INR",
    "valid_until": "2026-02-28",
    "notes": "Some notes",
    "created_by": 1,
    "createdAt": "2026-02-12T17:01:20.000Z",
    "updatedAt": "2026-02-12T17:01:20.000Z",
    "deletedAt": null
  },
  {
    "id": 2,
    "quote_number": "QUO-0002",
    "contact_id": 7,
    "company_id": 2,
    "deal_id": 3,
    "status": "draft",
    "subtotal": "10000.00",
    "tax_rate": "10.00",
    "tax_amount": "1000.00",
    "discount_amount": "1.00",
    "total": "10999.00",
    "currency": "USD",
    "valid_until": "2026-02-27",
    "notes": "Some notes",
    "created_by": 1,
    "createdAt": "2026-02-18T12:15:56.000Z",
    "updatedAt": "2026-02-18T12:15:56.000Z",
    "deletedAt": null
  }
]